fournisseur,produit,ean,conditionnement
Fournisseur,PRODUITS,EAN,1
L oreal,iNOA Shampoing post 1500 ml,3474637061937,1
L oreal,iNOA Fondamentale 1 noir 60 ml,3474637131319,3
L oreal,iNOA Fondamentale 2 brun 60 ml,3474637131616,3
L oreal,iNOA Fondamentale 3 châtain foncé 60 ml,3474637131012,3
L oreal,iNOA Fondamentale  4 châtain 60 ml,3474637134532,3
L oreal,iNOA Fondamentale 5 châtain clair 60 ml,3474637134433,3
L oreal,iNOA Fondamentale 6 blond foncé 60 ml,3474637134334,3
L oreal,iNOA Fondamentale 7 blond 60 ml,3474637134389,3
L oreal,iNOA Fondamentale 8 blond clair 60 ml,3474637134488,3
L oreal,iNOA Fondamentale 9 Blond très clair 60 ml,3474637134587,3
L oreal,iNOA Fondamentale 10 blond très très clair 60 ml,3474637131166,3
L oreal,iNOA Fondamentale 5.3 châtain clair doré 60 ml,3474637131418,3
L oreal,iNOA Fondamentale 6.3 blond foncé doré 60 ml,3474637131210,3
L oreal,iNOA Fondamentale 7.3 blond doré 60 ml,3474637131111,3
L oreal,iNOA Fondamentale 8.3 blond clair doré 60 ml,3474637131265,3
L oreal,iNOA Fondamentale 9.3 blond très clair doré 60 ml,3474637131463,3
L oreal,iNOA Fondamentale 5.0 châtain clair profond 60 ml,3474637131067,3
L oreal,iNOA Fondamentale 6.0 blond foncé profond 60 ml,3474637130961,3
L oreal,iNOA Fondamentale 7.0 blond profond 60 ml,3474637130916,3
L oreal,iNOA Fondamentale 8.0 blond clair profond 60 ml,3474637131364,3
L oreal,iNOA Fondamentale 9.0 Blond très clair profond 60 ml,3474637131562,3
L oreal,iNOA 5.62 Carmilane Châtain clair rouge irisé 60 g,3474637128999,1
L oreal,iNOA 6.66 Carmilane Blond foncé rouge profond 60 g,3474637128876,1
L oreal,iNOA 2.10 Brun cendré intense 60 g,3474637130862,1
L oreal,iNOA 4.15 Châtain cendré acajou 60 ml,3474637128166,1
L oreal,iNOA 4.20 Châtain violine intense 60 ml,3474637129996,1
L oreal,iNOA 4.3 Châtain doré 60 ml,3474637129781,1
L oreal,iNOA 4.35 Châtain doré acajou 60 ml,3474637129736,1
L oreal,iNOA 4.45 Châtain cuivré acajou 60 ml,3474637133610,1
L oreal,iNOA 4.56 Châtain acajou rouge 60 g,3474637129163,1
L oreal,Inoa 4.8 Châtain Mocca 60 g,3474637131869,1
L oreal,Inoa 5.1 Châtain Clair Cendré 60 g,3474637130350,1
L oreal,iNOA 5.12 Châtain clair cendré irisé 60 g,3474637130459,1
L oreal,iNOA 5.15 Châtain clair cendré acajou 60 g,3474637128388,1
L oreal,iNOA 5.17 Châtain clair cendré mat 60 g,3474637131913,1
L oreal,iNOA 5.18 Châtain clair cendré mocca 60 g,3474637128449,1
L oreal,iNOA 5.26 Châtain clair irisé rouge 60 g,3474637173258,1
L oreal,iNOA 5.25 Châtain clair irisé acajou 60 g,3474637128548,1
L oreal,iNOA 5.3 Châtain clair doré 60 g,3474637129620,1
L oreal,iNOA 5.32 Châtain clair doré irisé 60 ml,3474637128760,1
L oreal,iNOA 5.35 Châtain clair doré acajou 60 ml,3474637129323,1
L oreal,iNOA 5.4 Châtain clair cuivré 60 ml,3474637133337,1
L oreal,Inoa 5.42 Châtain Cuivré Intense 60 g,3474636729388,1
L oreal,iNOA 5.5 Châtain clair acajou 60 g,3474637128937,1
L oreal,Inoa 5.52 High Resist Châtain Clair Acajou Irisé 60 g,3474636401147,1
L oreal,iNOA 5.60 DM5 Châtain clair rouge intense 60 g,3474637129101,1
L oreal,iNOA 5.8 Châtain clair mocca 60 g,3474637131760,1
L oreal,Inoa 6.1 Blond Foncé Cendré 60 g,3474637130107,1
L oreal,iNOA 6.11 Blond foncé cendré profond? 60 g,3474637130664,1
L oreal,Inoa 6.13 Blond Foncé Cendré Doré 60 g,3474637128227,1
L oreal,iNOA 6.23 Blond foncé irisé doré 60 ml,3474637128005,1
L oreal,Inoa 6.3 Blond Foncé Doré 60 g,3474637129378,1
L oreal,iNOA 6.32 Blond foncé doré irisé 60 ml,3474637128593,1
L oreal,iNOA 6.34 Blond foncé doré cuivré 60 ml,3474637129224,1
L oreal,iNOA 6.35 Blond foncé doré acajou ? 60 g,3474637129842,1
L oreal,iNOA 6.40 Rubilane Blond foncé cuivré intense 60 g,3474637133566,1
L oreal,iNOA 6.45 Blond foncé cuivré acajou 60 ml,3474637133399,1
L oreal,iNOA 6.46 Blond foncé cuivré rouge 60 ml,3474637133511,1
L oreal,Inoa 6.8 Blond Foncé Mocca 60 g,3474637131715,1
L oreal,Inoa 7.1 Blond Cendré 60 g,3474637130152,1
L oreal,iNOA 7.11 Blond cendré profond 60 g,3474637130251,1
L oreal,iNOA 7.13 Blond cendré doré 60 g,3474637127954,1
L oreal,Inoa 7.18 Blond Cendré Mocca 60 g,3474637128272,1
L oreal,Inoa 7.23 Blond Irisé Doré 60 g,3474637128067,1
L oreal,Inoa 7.3 Blond Doré 60 g,3474637129279,1
L oreal,Inoa 7.31 Blond Doré Cendré 60 g,3474637128654,1
L oreal,Inoa 7.34 Blond Doré Cuivré 60 g,3474637129521,1
L oreal,iNOA 7.35 Blond doré acajou 60 g,3474637129675,1
L oreal,Inoa 7.4 Blond Cuivré 60 g,3474637133450,1
L oreal,Inoa 7.43 Blond Cuivré Doré 60 g,3474637133221,1
L oreal,Inoa 7.44 Blond Cuivré Profond 60 g,3474637133276,1
L oreal,iNOA 7.8 Blond mocca 60 g nc,3474637131814,1
L oreal,Inoa 8.1 Blond Clair Cendré 60 g,3474637130206,1
L oreal,iNOA 8.11 Blond clair cendré profond ? 60 g,3474637130565,1
L oreal,iNOA 8.12 Blond clair cendré irisé 60 g,3474637130718,1
L oreal,Inoa 8.13 Blond Clair Cendré Doré 60 g,3474637128111,1
L oreal,iNOA 8.21 Blond clair irisé cendré 60 g,3474637129941,1
L oreal,iNOA 8.23 Blond clair irisé doré 60 g,3474637128494,1
L oreal,iNOA 8.3 Blond clair doré 60 g,3474637129422,1
L oreal,Inoa 8.31 Blond Clair Doré Cendré 60 g,3474637128708,1
L oreal,Inoa 8.34 Blond Clair Doré Cuivré 60 g,3474637129477,1
L oreal,Inoa 8.8 Blond Clair Mocca 60 g,3474630696464,1
L oreal,Inoa 9.1 Blond Très Clair Cendré 60 g,3474637130305,1
L oreal,iNOA 9.12 Blond très clair cendré irisé 60 g,3474637130510,1
L oreal,Inoa 9.13 Blond Très Clair Cendré Doré 60 g,3474637128326,1
L oreal,iNOA 9.2 Blond très clair ? 60 g,3474637130053,1
L oreal,Inoa 9.3 Blond Très Clair Doré 60 g,3474637129576,1
L oreal,iNOA 9.31 Blond très clair doré cendré 60 g,3474637128821,1
L oreal,Inoa 9.32 Blond Très Clair Doré Irisé 60 g,3474630482579,1
L oreal,iNOA 10.1 Blond très très clair cendré 60 ml,3474637130404,1
L oreal,Inoa 10.12 Blond Très Très Clair Cendré Irisé 60 g,3474637130763,1
L oreal,iNOA Clear 60 ml,3474637131661,1
L oreal,INOA Booster violet,3474637325046,1
L oreal,INOA Booster vert,3474637325206,1
L oreal,INOA Booster bleu,3474637325268,1
L oreal,Majirel 10.1 Blond Très Très Clair Cendré 60 ml,3474637282318,1
L oreal,Majirel 10.21 Blond Très Très Clair Irisé Cendré 60 ml,3474637282035,1
L oreal,Majirel 10.31 Blond Très Très Clair Doré Cendré 60 ml,3474637280284,1
L oreal,Majirel 4.15 Châtain Cendré Acajou 60 ml,3474637280826,1
L oreal,Majirel 4.20 Châtain Irisé Profond 60 ml,3474637282028,1
L oreal,Majirel 4.3 Châtain Doré 60 ml,3474637281670,1
L oreal,Majirel 4.35 Châtain Doré Acajou 60 ml,3474637281724,1
L oreal,Majirel 4.45 Châtain Acajou Cuivré 60 ml,3474637281250,1
L oreal,Majirel 4.56 Châtain Acajou Rouge 60 ml,3474637284527,1
L oreal,Majirel 4.8 Châtain Mocca 60 ml,3474637280567,1
L oreal,Majirel 5.12 Châtain Clair Cendré Irisé 60 ml,3474637282448,1
L oreal,Majirel 5.15 Châtain Clair Cendré Acajou 60 ml,3474637280819,1
L oreal,Majirel 5.18 Châtain Clair Cendré Mocca 60 ml,3474637280802,1
L oreal,Majirel 5.26 Châtain Clair Irisé Rouge 60 ml,3474637282066,1
L oreal,Majirel 5.3 Châtain Clair Doré 60 ml,3474637281663,1
L oreal,Majirel 5.35 Châtain Clair Doré Acajou 60 ml,3474637281717,1
L oreal,Majirel 5.4 Châtain Clair Cuivré 60 ml,3474637281182,1
L oreal,Majirel 5.5 Châtain Clair Acajou 60 ml,3474637284510,1
L oreal,Majirel 5.52 Châtain Clair Acajou Irisé 60 ml,3474637280345,1
L oreal,Majirel 5.8 Châtain Clair Mocca 60 ml,3474637280550,1
L oreal,Majirel 6.13 Châtain Foncé Cendré Doré 60 ml,3474637280789,1
L oreal,Majirel 6.23 Châtain Foncé Irisé Doré 60 ml,3474637280840,1
L oreal,Majirel 6.3 Châtain Foncé Doré 60 ml,3474637281656,1
L oreal,Majirel 6.32 Châtain Foncé Doré Irisé 60 ml,3474637280321,1
L oreal,Majirel 6.34 Châtain Foncé Doré Cuivré 60 ml,3474637281694,1
L oreal,Majirel 6.45 Châtain Foncé Acajou Cuivré 60 ml,3474637281243,1
L oreal,Majirel 6.46 Châtain Foncé Cuivré Rouge 60 ml,3474637281267,1
L oreal,Majirel 7.1 Blond Cendré 60 ml,3474637282349,1
L oreal,Majirel 7.11 Blond Cendré Profond 60 ml,3474637282400,1
L oreal,Majirel 7.12 Blond Cendré Irisé 60 ml,3474637282431,1
L oreal,Majirel 7.13 Blond Cendré Doré 60 ml,3474637280772,1
L oreal,Majirel 7.18 Blond Cendré Mocca 60 ml,3474637280796,1
L oreal,Majirel 7.23 Blond Irisé Doré 60 ml,3474637280833,1
L oreal,Majirel 7.3 Blond Doré 60 ml,3474637281649,1
L oreal,Majirel 7.31 Blond Doré Cendré 60 ml,3474637280314,1
L oreal,Majirel 7.35 Blond Doré Acajou 60 ml,3474637281700,1
L oreal,Majirel 7.4 Blond Cuivré 60 ml,3474637281175,1
L oreal,Majirel 7.40 Blond Cuivré Intense 60 ml,3474637281199,1
L oreal,Majirel 7.43 Blond Cuivré Doré 60 ml,3474637281212,1
L oreal,Majirel 7.44 Blond Cuivré Profond 60 ml,3474637281229,1
L oreal,Majirel 7.45 Blond Acajou Cuivré 60 ml,3474637281236,1
L oreal,Majirel 7.8 Blond Mocca 60 ml,3474637280536,1
L oreal,Majirel 8.11 Blond Clair Cendré Intense 60 ml,3474637282394,1
L oreal,Majirel 8.13 Blond Clair Cendré Doré 60 ml,3474637280765,1
L oreal,Majirel 8.21 Blond Clair Irisé Cendré 60 ml,3474637282042,1
L oreal,Majirel 8.3 Blond Clair Doré 60 ml,3474637281632,1
L oreal,Majirel 8.31 Blond Clair Doré Cendré 60 ml,3474637280307,1
L oreal,Majirel 8.34 Blond Clair Doré Cuivré 60 ml,3474637281687,1
L oreal,Majirel 8.43 Blond Clair Cuivré Doré 60 ml,3474637281205,1
L oreal,Majirel 9.1 Blond Très Clair Cendré 60 ml,3474637282325,1
L oreal,Majirel 9.11 Blond Très Clair Cendré Profond 60 ml,3474637282387,1
L oreal,Majirel 9.12 Blond Très Clair Cendré Irisé 60 ml,3474637282424,1
L oreal,Majirel 9.13 Blond Très Clair Cendré Doré 60 ml,3474637280758,1
L oreal,Majirel 9.3 Blond Très Clair Doré 60 ml,3474637281625,1
L oreal,Majirel 9.31 Blond Très Clair Doré Cendré 60 ml,3474637280291,1
L oreal,Majirel Clear 60 ml,3474637282974,1
L oreal,Majirel Fondamentale 10 Blond Très Très Clair 60 ml,3474637282882,3
L oreal,Majirel Fondamentale 3 Châtain Foncé 60 ml,3474637282950,3
L oreal,Majirel Fondamentale 5 Châtain Clair 60 ml,3474637282936,3
L oreal,Majirel Fondamentale 8 Blond Clair 60 ml,3474637282905,3
L oreal,Majirel Fondamentale 9 Blond Très Clair 60 ml,3474637282899,3
L oreal,Majirel High Lift 900S 60 ml,3474637280017,1
L oreal,Majirel High Lift 901S 60 ml,3474637280048,1
L oreal,Majirel High Lift Ash+ 60 ml,3474637280024,1
L oreal,Majirel High Lift Neutral 60 ml,3474637280000,1
L oreal,Majirel High Lift Violet 60 ml,3474637280055,1
L oreal,Majirel Booster Orange,3474637279363,1
L oreal,Majirel Booster Rouge,3474637279370,1
L oreal,Majirel Booster Magenta,3474637279387,1
L oreal,Majirel Booster Violet,3474637285142,1
L oreal,Majirel Base Contrast,3474637285159,1
L oreal,Majirouge 4.60 Châtain Rouge Intense 50 ml,3474636333189,1
L oreal,Majirouge 4.62 Châtain Rouge Irisé 50 ml,3474636333134,1
L oreal,Majirouge 5.20 Châtain Clair Violine Intense 50 ml,3474636333110,1
L oreal,Majirouge 5.60 Carmin 50 ml,3474630679498,1
L oreal,Majirouge 6.40 Blond Foncé Cuivré Intense 50 ml,3474636333141,1
L oreal,Majirouge 6.64 Blond Foncé Rouge Cuivré 50 ml,3474630679399,1
L oreal,Majirouge 6.66 Carmin Blond Foncé Rouge Profond 50 ml,3474630679290,1
L oreal,Majirouge 6.66 Blond Foncé Rouge Profond 50 ml,3474634002452,1
L oreal,Majirouge 7.40 Blond Cuivré Intense 50 ml,3474630231429,1
L oreal,Majirouge 7.45 Blond Cuivré Acajou 50 ml,3474630202245,1
L oreal,Majirouge 8.43 Blond Clair Cuivré Doré 50 ml,3474636333165,1
L oreal,Majirel Mix Rouge 50 ml,3474630251595,1
L oreal,Majirel High Lift Ash 50 ml,3474630691834,1
L oreal,Majirel High Lift Ash + 50 ml,3474630691933,1
L oreal,Majirel High Lift Violet Ash 50 ml,3474636586769,1
L oreal,Majirel High Lift Neutral 50 ml,3474630691735,1
L oreal,Dialight 4 Châtain 50 ml,3474637003692,1
L oreal,dia light 5 50ml vh83,3474637003739,1
L oreal,LP DIA LIGHT 5.11 50ML VH83,3474637003654,1
L oreal,LP DIA LIGHT 5.12 50ML VH83,3474637005054,1
L oreal,Dialight 5.4 Châtain Cuivre 50 ml,3474637004095,1
L oreal,Dialight 5.66 Châtain Clair Rouge Profond 50 ml,3474637004231,1
L oreal,Dialight 5.8 Châtain Clair Mocca 50 ml,3474637004576,1
L oreal,LP DIA LIGHT 6 50ML VH83,3474637003777,1
L oreal,dia light 6.11 50ml vh83,3474637003616,1
L oreal,dia light 6.13 50ml vh83,3474637004972,1
L oreal,dia light 6.23 50ml vh83,3474637005016,1
L oreal,dia light 6.28 50ml,3474637003098,1
L oreal,DIA LIGHT 6.3,3474637002732,1
L oreal,Dialight 6.34 Blond Foncé Doré Cuivré 50 ml,3474637004415,1
L oreal,LP DIA LIGHT 6.35 50ML VI06,3474637005139,1
L oreal,Dialight 6.46 Blond Foncé Cuivré Rouge 50 ml,3474637005191,1
L oreal,LP DIA LIGHT 6.66 50ML VH83,3474637004132,1
L oreal,dia light 6.8 50ml vh83,3474637004538,1
L oreal,Dialight 7 Blond 50 ml,3474637003814,1
L oreal,"dia light 7,01",3474637003494,1
L oreal,Dialight 7.12 Blond Cendré Irisé 50 ml,3474637004859,1
L oreal,DIA LIGHT 7.13 50ML V150,3474637004897,1
L oreal,Dialight 7.23 Blond Irisé Doré 50 ml,3474637004934,1
L oreal,LP DIA LIGHT 7.3 50ML V049,3474637002770,1
L oreal,Dialight 7.31 Blond Doré Cendré 50 ml,3474637004293,1
L oreal,Dialight 7.4 Blond Cuivré 50 ml,3474637003975,1
L oreal,LP DIA LIGHT 7.40 50ML VH83,3474637004019,1
L oreal,Dialight 7.43 Blond Cuivré Doré 50 ml,3474637004057,1
L oreal,DIA LIGHT 7.8 50ML V150,3474637004491,1
L oreal,dia light 50ml 8 blond clair nc,3474637003852,1
L oreal,LP DIA LIGHT 8.1 50ML VH83,3474637003418,1
L oreal,dia light 8.11 50ml vh83,3474637003456,1
L oreal,Dia light Pearls 8.18 Blond Clair Cendré Mocca 50 ml,3474637156565,1
L oreal,dia light 8.21 50ml vh84,3474637003012,1
L oreal,Dialight 8.24 Blond Clair Irisé Cuivré,3474637294335,1
L oreal,Dialight 8.28 Blond Clair Irisé Moca,3474637003050,1
L oreal,Dialight 8.3 Blond Clair Doré 50 ml,3474637002695,1
L oreal,Dialight 8.34 Blond Clair Doré Cuivré 50 ml,3474637004378,1
L oreal,LP DIA LIGHT 8.43 50ML VI06,3474637004170,1
L oreal,LP DIA LIGHT 9 50ML VH83,3474637003937,1
L oreal,dia light 9.01 50ml vh83,3474637003258,1
L oreal,Dialight 9.02 Milkshake Nacré 50 ml,3474637003135,1
L oreal,Dialight 9.03 Milkshake Naturel Doré 50 ml,3474637002619,1
L oreal,dia light 9.11 50ml vh83,3474637003333,1
L oreal,LP DIA LIGHT 9.12 50ML VH83,3474637004736,1
L oreal,LP DIA LIGHT 9.13 50ML VH83,3474637004774,1
L oreal,Dia light Pearls 9.18 Blond Très Clair Milkshake Cendré Mocca 50 ml,3474637156602,1
L oreal,LP DIA LIGHT 9.2 50ML V049,3474637003210,1
L oreal,LP DIA LIGHT 9.21 50ML VH83,3474637002978,1
L oreal,dia light 9.31 50ml vh83,3474637004255,1
L oreal,Dia light Pearls 9.82 Blond Très Clair Milkshake Mocca Irisé 50 ml,3474637156480,1
L oreal,dia light 10.01 50ml vh83,3474637003371,1
L oreal,DIA LIGHT 10.02 VH83,3474637002855,1
L oreal,LP DIA LIGHT 10.12 50ML VH83,3474637004613,1
L oreal,dia light 50ml 10.13,3474637004651,1
L oreal,Dia light Pearls 10.18 Blond Très Très Clair Milkshake Cendré Mocca 50 ml,3474637156640,1
L oreal,LP DIA LIGHT 10.21 50ML VH83,3474637002893,1
L oreal,DIA LIGHT 10.22 VH83,3474637002930,1
L oreal,dia light 10.23 50ml vh83,3474637004699,1
L oreal,Dialight 10.24 Blond Très Très Clair Irisé Cuivré,3474637294373,1
L oreal,LP DIA LIGHT 10.32 50ML VH83,3474637004330,1
L oreal,Dia light Pearls 10.82 Blond Très Très Clair Milkshake Mocca Irisé 50 ml,3474637156527,1
L oreal,LP ACIDIC GLOSS CLEAR 250ML VH83,3474637002596,1
L oreal,DIA LIGHT BOOST RED 50ML VH83,3474637067311,1
L oreal,DIA LIGHT BOOST COPPER 50ML VH83,3474637070137,1
L oreal,DIA LIGHT BOOST YELLOW 50ML VH83,3474637067281,1
L oreal,DIA LIGHT BOOST MATTE 50ML VH83,3474637067359,1
L oreal,DIA LIGHT BLEU 50ML VH83,3474637067434,1
L oreal,DIA LIGHT VIOLET 50ML VH83,3474637067410,1
L oreal,Dia Light 0 60ml V140,3474637320492,3
L oreal,Dia Light 4 60ml V140,3474637320485,3
L oreal,Dia Light 5 60ml V140,3474637320478,3
L oreal,Dia Light 5.07 60ml V140,3474637321901,1
L oreal,Dia Light 5.11 60ml V140,3474637322649,1
L oreal,Dia Light 5.12 60ml V140,3474637322687,1
L oreal,Dia Light 5.31 60ml V140,3474637321154,1
L oreal,Dia Light 5.4 60ml V140,3474637321628,1
L oreal,Dia Light 5.66 60ml V140,3474637321864,1
L oreal,Dia Light 5.8 60ml V140,3474637323264,1
L oreal,Dia Light 6 60ml V140,3474637320461,1
L oreal,Dia Light 6.11 60ml V140,3474637322625,1
L oreal,Dia Light 6.13 60ml V140,3474637321376,1
L oreal,Dia Light 6.23 60ml V140,3474637321413,1
L oreal,Dia Light 6.28 60ml V140,3474637322717,1
L oreal,Dia Light 6.3 60ml V140,3474637323059,1
L oreal,Dia Light 6.34 60ml V140,3474637323073,1
L oreal,Dia Light 6.35 60ml V140,3474637323080,1
L oreal,Dia Light 6.45 60ml V140,3474637321659,1
L oreal,Dia Light 6.46 60ml V140,3474637321666,1
L oreal,Dia Light 6.64 60ml V140,3474637321840,1
L oreal,Dia Light 6.66 60ml V140,3474637321857,1
L oreal,Dia Light 6.8 60ml V140,3474637323257,1
L oreal,Dia Light 7 60ml V140,3474637320454,1
L oreal,Dia Light 7.01 60ml V140,3474637322496,1
L oreal,Dia Light 7.11 60ml V140,3474637322601,1
L oreal,Dia Light 7.12 60ml V140,3474637322670,1
L oreal,Dia Light 7.13 60ml V140,3474637321369,1
L oreal,Dia Light 7.18 60ml V140,3474637322786,1
L oreal,Dia Light 7.23 60ml V140,3474637321406,1
L oreal,Dia Light 7.3 60ml V140,3474637323042,1
L oreal,Dia Light 7.31 60ml V140,3474637321147,1
L oreal,Dia Light 7.4 60ml V140,3474637321611,1
L oreal,Dia Light 7.40 60ml V140,3474637325664,1
L oreal,Dia Light 7.43 60ml V140,3474637321642,1
L oreal,Dia Light 7.8 60ml V140,3474637323240,1
L oreal,Dia Light 8 60ml V140,3474637320447,1
L oreal,Dia Light 8.1 60ml V140,3474637322533,1
L oreal,Dia Light 8.11 60ml V140,3474637322595,1
L oreal,Dia Light 8.18 60ml V140,3474637322748,1
L oreal,Dia Light 8.21 60ml V140,3474637322656,1
L oreal,Dia Light 8.23 60ml V140,3474637321390,1
L oreal,Dia Light 8.28 60ml V140,3474637322694,1
L oreal,Dia Light 8.3 60ml V140,3474637323035,1
L oreal,Dia Light 8.43 60ml V140,3474637321635,1
L oreal,Dia Light 9 60ml V140,3474637320430,1
L oreal,Dia Light 9.01 60ml V140,3474637320690,1
L oreal,Dia Light 9.02 60ml V140,3474637320164,1
L oreal,Dia Light 9.03 60ml V140,3474637323011,1
L oreal,Dia Light 9.11 60ml V140,3474637320706,1
L oreal,Dia Light 9.12 60ml V140,3474637320720,1
L oreal,Dia Light 9.13 60ml V140,3474637320041,1
L oreal,Dia Light 9.18 60ml V140,3474637322724,1
L oreal,Dia Light 9.2 60ml V140,3474637322632,1
L oreal,Dia Light 9.21 60ml V140,3474637320188,1
L oreal,Dia Light 9.31 60ml V140,3474637321130,1
L oreal,Dia Light 9.82 60ml V140,3474637323288,1
L oreal,Dia Light 10.01 60ml V140,3474637320683,1
L oreal,Dia Light 10.02 60ml V140,3474637322618,1
L oreal,Dia Light 10.12 60ml V140,3474637320713,1
L oreal,Dia Light 10.13 60ml V140,3474637320034,1
L oreal,Dia Light 10.18 60ml V140,3474637322700,1
L oreal,Dia Light 10.21 60ml V140,3474637320171,1
L oreal,Dia Light 10.22 60ml V140,3474637322663,1
L oreal,Dia Light 10.23 60ml V140,3474637321383,1
L oreal,Dia Light 10.24 60ml V140,3474637321734,1
L oreal,Dia Light 10.32 60ml V140,3474637321161,1
L oreal,Dia Light 10.82 60ml V140,3474637323271,1
L oreal,Dia Light Blue 60ml V140,3474637320843,1
L oreal,Dia Light Green 60ml V140,3474637320881,1
L oreal,Dia Light Orange 60ml V140,3474637320928,1
L oreal,Dia Light Red 60ml V140,3474637320966,1
L oreal,Dia Color 1 60 ml,3474637208615,1
L oreal,Dia Color 3 60 ml,3474637206987,1
L oreal,Dia Color 4 60 ml,3474637206994,1
L oreal,Dia Color 4.12 Châtain cendré irisé 60 ml,3474637266417,1
L oreal,Dia Color 4.15 60 ml,3474637207410,1
L oreal,Dia Color 4.20 60 ml,3474637208318,1
L oreal,Dia Color 4.45 60 ml,3474637207977,1
L oreal,Dia Color 4.62 60 ml,3474637207816,1
L oreal,Dia Color 5 60 ml,3474637207007,1
L oreal,Dia Color 5.1 60 ml,3474637208455,1
L oreal,Dia Color 5.18 60 ml,3474637208462,1
L oreal,Dia Color 5.3 Châtain Clair Doré 60 ml,3474637266219,1
L oreal,Dia Color 5.35 60 ml,3474637208172,1
L oreal,Dia Color 5.4 60 ml,3474637207984,1
L oreal,Dia Color 5.5 60 ml,3474637207823,1
L oreal,Dia Color 5.71 60 ml,3474637207731,1
L oreal,Dia Color 5.8 60 ml,3474637207632,1
L oreal,Dia Color 6 60 ml,3474637207014,1
L oreal,Dia Color 6.1 60 ml,3474637208479,1
L oreal,Dia Color 6.12 Blond Foncé cendré irisé 60 ml,3474637266370,1
L oreal,Dia Color 6.23 60 ml,3474637207427,1
L oreal,Dia Color 6.3 60 ml,3474637208189,1
L oreal,Dia Color 6.34 60 ml,3474637208196,1
L oreal,Dia Color 6.35 Blond foncé doré acajou 60 ml,3474637266257,1
L oreal,Dia Color 6.45 60 ml,3474637207991,1
L oreal,Dia Color 6.60 60 ml,3474637207830,1
L oreal,Dia Color 6.8 Blond Foncé Mocca 60 ml,3474637266172,1
L oreal,Dia Color 6.84 60 ml,3474637207649,1
L oreal,Dia Color 7 60 ml,3474637207021,1
L oreal,Dia Color 7.1 Blond cendré 60 ml,3474637266332,1
L oreal,Dia Color 7.13 60 ml,3474637207434,1
L oreal,Dia Color 7.18 60 ml,3474637208486,1
L oreal,Dia Color 7.32 Blond doré irisé 60 ml,3474637266059,1
L oreal,Dia Color 7.44 60 ml,3474637208004,1
L oreal,Dia Color 7.8 60 ml,3474637207656,1
L oreal,Dia Color 8 60 ml,3474637207038,1
L oreal,Dia Color 8.1 60 ml,3474637208493,1
L oreal,Dia Color 8.13 Blond clair cendré doré 60 ml,3474637266097,1
L oreal,Dia Color 8.2 60 ml,3474637208325,1
L oreal,Dia Color 8.23 60 ml,3474637207441,1
L oreal,Dia Color 8.3 60 ml,3474637208202,1
L oreal,Dia Color 8.31 60 ml,3474637207533,1
L oreal,Dia Color 8.34 60 ml,3474637208219,1
L oreal,Dia Color 8.43 60 ml,3474637208011,1
L oreal,Dia Color 9 60 ml,3474637208622,1
L oreal,Dia Color 9.1 Blond Très Clair Cendré 60 ml,3474637266295,1
L oreal,Dia Color 9.13 60 ml,3474637207458,1
L oreal,Dia Color 9.82 60 ml,3474637207663,1
L oreal,Dia Color Clear 60 ml,3474637208639,1
L oreal,Efassor Gommant / Nettoyant Moussant Pour Coloration D’Oxydation 12 x 28 g,3474630011595,1
L oreal,Reducteur Permanente 0 Cheveux Naturels Très Résistant 12 x 75 ml,3474630355217,1
L oreal,Reducteur Permanente 1 Cheveux Naturels 12 x 75 ml,3474630355279,1
L oreal,Reducteur Permanente 2 Cheveux Sensibilisés 12 x 75 ml,3474630355323,1
L oreal,Reducteur Permanente 3 Cheveux Très Sensibilisés 12 x 75 ml,3474630355378,1
L oreal,Fixateur Permanente 1000 ml,3474630355750,1
L oreal,Réducteur Permanente 1T Fortifiante Cheveux Naturels 12 x 75 ml,3474630510333,1
L oreal,Reducteur Permanente 2Tonique Cheveux Sensibilisés 12 x 75 ml,3474630510517,1
L oreal,XTENSO MOIST REDUC NATURA 250ML 315,3474630258716,1
L oreal,XTENSO MOIST REDUC RESIST 250ML 315,3474630258761,1
L oreal,XTENSO MOIST REDUC SENSIT 250ML 315,3474630258778,1
L oreal,Fixateur Lissage 1000 ml,3474630258808,1
L oreal,Metal Detox Spray 500 ml,30164840,1
L oreal,Metal Detox Shampoing Anti-Métal 1500 ml,30160668,1
L oreal,Metal Detox Shampoing Recharge 1000ml,3474637275419,1
L oreal,Metal Detox Masque Anti-Métal 500 ml,30163478,1
L oreal,Metal Detox Shampoing Anti-Métal 300 ml,30158078,1
L oreal,Metal Detox Shampoing Anti-Métal 500 ml,30163720,1
L oreal,Metal Detox Shampooing Anti-Métal Éco-Recharge 500 ml,3474637242213,1
L oreal,Metal Detox Masque Protecteur Anti-Dépôt 250 ml,30160606,1
L oreal,Metal Detox Huile concentrée 50 ml,3474637090609,1
L oreal,Metal Detox Crème Haute Protection Sans Rinçage100 ml,30161153,1
L oreal,Vitamino Color Shampoing 300 ml,3474636975518,1
L oreal,Vitamino Color Shampoing 500 ml,3474636975952,1
L oreal,Silver Shampooing Déjaunissant Éco-Recharge 500 ml,3474637242176,1
L oreal,Vitamino Color Shampoing 1500 ml,3474636975976,1
L oreal,Vitamino Color Recharge Shampoing 1000ml,3474637275396,1
L oreal,Vitamino Color Masque 250 ml,3474636976058,1
L oreal,Vitamino Color Masque 500 ml,3474636975679,1
L oreal,Vitamino Color Soin Concentré 400 ml,3474636975884,1
L oreal,Vitamino Color Lait 10-en-1 190 ml,3474636974368,1
L oreal,Vitamino Color Spectrum Shampooing Fixateur du Spectre Coloriel 300 ml,3474637268527,1
L oreal,Vitamino Color Spectrum Shampooing Fixateur du Spectre Coloriel Éco-Recharge 500 ml,3474637270018,1
L oreal,Vitamino Color Spectrum Shampooing Fixateur du Spectre Coloriel 500 ml,3474637268763,1
L oreal,Vitamino Color Spectrum Masque Fixateur du Spectre Coloriel 250 ml,3474637268466,1
L oreal,Vitamino Color Spectrum Sérum Concentré Brillance Miroir 50 ml,3474637268442,1
L oreal,Vitamino Color Spectrum Sérum Concentré Brillance Miroir 30ml,3474637268428,1
L oreal,Vitamino Color Spectrum Soin Concentré Fixateur du Spectre Coloriel 200 ml,3474637269029,1
L oreal,Vitamino Color Spectrum Shampooing Neutralisant Vert 300 ml,3474637268213,1
L oreal,Vitamino Color Spectrum Shampooing Neutralisant Bleu 300 ml,3474637268268,1
L oreal,Vitamino Color Spectrum Shampooing Neutralisant Violet 300 ml,3474637268398,1
L oreal,Vitamino Color Spectrum Soin Concentré Fixateur du Spectre Coloriel 500 ml,3474637269005,1
L oreal,Vitamino Color Spectrum Shampooing Fixateur du Spectre Coloriel 1500 ml,3474637268503,1
L oreal,Vitamino Color Spectrum Masque Fixateur du Spectre Coloriel 500 ml,3474637268183,1
L oreal,Vitamino Color Spectrum Soin Concentré Fixateur du Spectre Coloriel 750 ml,3474637268985,1
L oreal,Blondifier Shampoing Gloss 500 ml,3474636975907,1
L oreal,Blondifier Shampoing Gloss 300 ml,3474636974382,1
L oreal,Blondifier Shampoing Gloss 1500 ml,3474636975662,1
L oreal,Pro Longer Shampoing Recharge 1000ml,3474637275471,1
L oreal,Blondifier Masque 250 ml,3474636976034,1
L oreal,Blondifier Masque 500 ml,3474636975419,1
L oreal,Blondifier Soin Concentré 400 ml,3474636975549,1
L oreal,Pro Longer Shampoing 300 ml,3474636974429,1
L oreal,Pro Longer Shampoing 500 ml,3474636975853,1
L oreal,Pro Longer Shampoing 1500 ml,3474636975600,1
L oreal,Pro Longer Shampoing Eco-Recharge 1500 ml,3474637090661,1
L oreal,Pro Longer Masque 250 ml,3474636976072,1
L oreal,Pro Longer Masque Rénovateur de Longueurs 500 ml,3474636975396,1
L oreal,Pro Longer Crème 10-en-1 Rénovatrice 150 ml,3474636977307,1
L oreal,Pro Longer Soin Concentré 400 ml,3474636975525,1
L oreal,Absolut Repair Gold Shampoing 300 ml,3474636974221,1
L oreal,Absolut Repair Gold Shampoing 500 ml,3474636975921,1
L oreal,Absolut Repair Gold Shampoing 1500 ml,3474636975938,1
L oreal,Absolut Repair Recharge Shampoing 1000ml,3474637275402,1
L oreal,Absolut Repair Masque Restructurant 500 ml,3474636975433,1
L oreal,Absolut Repair Masque Golden Restructurant 500 ml,3474636975174,1
L oreal,Absolut Repair Molecular Masque 250 ml,3474637217884,1
L oreal,Absolut Repair Masque Golden Restructurant 250 ml,3474636975327,1
L oreal,Absolut Repair Masque Restructurant 250 ml,3474636971039,1
L oreal,Absolut Repair Huile 10-en-1 90 ml,3474636977369,1
L oreal,Absolut Repair Molecular Masque 500 ml,3474637217907,1
L oreal,absolut repair molecular shampoing réparateur 300 ml,3474637153526,1
L oreal,Absolut Repair Molecular Shampoing réparateur 500ml,3474637153557,1
L oreal,Absolut Repair Molecular Shampooing Réparateur Éco-Recharge 500 ml,3474637242220,1
L oreal,Absolut Repair Molecular Masque Concentré Professionnel 150ML,3474637255657,1
L oreal,Absolut Repair Molecular Masque sans rinçage 50ml,3474637220631,1
L oreal,absolut repair molecular masque sans rinçage 100 ml,3474637153489,1
L oreal,absolut repair molecular sérum à rincer 250 ml,3474637153502,1
L oreal,Absolut Repair Molecular Huile Bi-Phase Réparatrice 30ml,3474637292423,1
L oreal,Absolut Repair Molecular Huile Bi-Phase Réparatrice 90ml,3474637292447,1
L oreal,absolut repair molecular shampoing réparateur 1500 ml,3474637153571,1
L oreal,Absolut Repair Molecular Shampoing Recharge1000ml,3474637275341,1
L oreal,absolut repair molecular pré-traitement 190 ml,3474637153601,1
L oreal,Silver Shampoing 300 ml,3474636974115,1
L oreal,Silver Shampoing 500 ml,3474636974269,1
L oreal,Silver Shampoing 1500 ml,3474636975570,1
L oreal,Liss Unlimited Shampoing 300 ml,3474636974405,1
L oreal,Liss Unlimited Shampoing 500 ml,3474636975877,1
L oreal,Liss Unlimited Masque 250 ml,3474636975990,1
L oreal,Liss Unlimited Masque 500 ml,3474636975617,1
L oreal,Liss Unlimited Shampoing 1500 ml,3474636975655,1
L oreal,Aminexil Advanced Programme anti-chute 10 x 6 ml,3474637109516,1
L oreal,Aminexil Advanced Programme anti-chute 42 x 6 ml,3474637109509,1
L oreal,Aminexil Advanced Sérum anti-chute 90 ml,3474637106331,1
L oreal,Curl Expression Crème-en-gelée activatrice de définition sans rinçage 250 ml,3474637069155,1
L oreal,Curl Expression Crème-en-Mousse 10-en-1 250 ml,3474637069131,1
L oreal,Curl Expression Gelée Lavante Anti-Résidus 1500 ml,3474637069094,1
L oreal,Curl Expression Gelée Lavante Anti-Résidus 300 ml,3474637069070,1
L oreal,Curl Expression Gelée Lavante Anti-Résidus 500 ml,3474637072483,1
L oreal,Curl Expression Hydratant Intensif Longue Durée sans rinçage 200 ml,3474637069124,1
L oreal,Curl Expression Masque Hydratant Intensif toucher naturel 250 ml,3474637069247,1
L oreal,Curl Expression Masque Hydratant Intensif toucher naturel 500 ml,3474637069162,1
L oreal,Curl Expression Masque Riche Hydratant Intensif 250 ml,3474637069223,1
L oreal,Curl Expression Masque Riche Hydratant Intensif 500 ml,3474637069100,1
L oreal,Curl Expression shampoing hydratation intense 1500 ml,3474637069254,1
L oreal,Curl Expression shampoing hydratation intense 300 ml,3474637069209,1
L oreal,Curl Expression shampoing hydratation intense 500 ml,3474637076511,1
L oreal,Curl Expression Soin Raviveur De Boucles Sans Rinçage 190 ml,3474637076498,1
L oreal,Scalp Advanced Argile professionnelle shampoing et masque 2-en-1 250 ml,3474637090524,1
L oreal,Scalp Advanced Argile professionnelle shampoing et masque 2-en-1 500 ml,3474637090555,1
L oreal,Scalp Advanced Shampoing dermo-clarifiant anti-pelliculaire 1500 ml,3474637109424,1
L oreal,Scalp Advanced Shampoing dermo-clarifiant anti-pelliculaire 300 ml,3474637109370,1
L oreal,Scalp Advanced Shampoing dermo-purifiant  300 ml,3474637106454,1
L oreal,Scalp Advanced Shampoing dermo-purifiant pour cuirs chevelus gras 500 ml,3474637106430,1
L oreal,Scalp Advanced Shampoing dermo-purifiant pour cuirs chevelus gras 1500 ml,3474637106416,1
L oreal,Scalp Advanced Shampoing dermo-régulateur 1500 ml,3474637090517,1
L oreal,Scalp Advanced Shampoing dermo-régulateur 300 ml,3474637090487,1
L oreal,Scalp Advanced Traitement apaisant intense 200 ml,3474637090579,1
L oreal,Cire argile Clay Force 5 50 ml,3474630287273,1
L oreal,Pâte de coiffage Poker Paste Force 7 75 ml,3474630517790,1
L oreal,Pâte Sculpte Force 3 150 ml,3474630160897,1
L oreal,Depolish 100 ml,30159884,1
L oreal,Web 150 ml,30165366,1
L oreal,Fix Design 200 ml,30160002,1
L oreal,Fix Design 1000 ml,30165274,1
L oreal,Fix Max 200 ml,30165519,1
L oreal,Volume Lift 250 ml,30160262,1
L oreal,Full Volume Extra 250 ml,30165120,1
L oreal,Pli 190 ml,30160255,1
L oreal,Super Dust 7 g,30162853,1
L oreal,Morning After Dust 200 ml,30157743,1
L oreal,Savage Panache 250 ml,30166899,1
L oreal,Extreme Splash 150 ml,30165403,1
L oreal,Infinium Pure Souple 300 ml,3474636471706,1
L oreal,Infinium Pure Forte 300 ml,3474636476602,1
L oreal,Infinium Pure Extra-Forte 300 ml,3474636476633,1
L oreal,Retouches Racines Noir 75 ml,3474630698000,1
L oreal,Retouches Racines Brun 75 ml,3474630698185,1
L oreal,Retouches Racines Chatain 75 ml,3474630698345,1
L oreal,Retouches Racines Blond Foncé 75 ml,3474630698505,1
L oreal,Retouches Racines Mahogany (acajou) 75 ml,3474636434091,1
L oreal,Retouches Racines Blond Doré 75 ml,3474636434145,1
L oreal,OXY KERASOIN 10 VOL,3661596985620,1
L oreal,OXY KERASOIN 20 VOL,3661596985644,1
L oreal,OXY KERASOIN 30 VOL,3661596985668,1
L oreal,OXY KERASOIN 40VOL,3661596985682,1
L oreal,OXY CERALIA 20 VOL,3700098622531,1
L oreal,OXY CERALIA 30 VOL,3700098622548,1
L oreal,Oxydant Inoa 10 vol 1000 ml,3474630417762,1
L oreal,Oxydant Inoa 20 vol 1000 ml,3474630417830,1
L oreal,Oxydant Inoa 30 vol 1000 ml,3474630417908,1
L oreal,Diactivateurs Oxydant Spécifique 6 Vol 1000 ml,3474630440395,1
L oreal,Diactivateurs Oxydant Spécifique 9 Vol 1000 ml,3474630440432,1
L oreal,Diactivateurs Oxydant Spécifique 15 Vol 1000 ml,3474630440470,1
L oreal,Nutridevelopper Oxydant Spécifique Crème 20 vol 1000 ml,3474636979196,1
L oreal,Nutridevelopper Oxydant Spécifique Crème 30 vol 1000 ml,3474636979219,1
L oreal,Nutridevelopper Oxydant Spécifique Crème 40 vol 1000 ml,3474636979233,1
L oreal,Oxydant Spécifique Huile 30 vol 1000 ml,3474636979172,1
L oreal,Oxydant Spécifique Huile 20 vol 1000 ml,3474636979004,1
L oreal,Blond Studio Pâte Décolorante Jusqu'À 7 Tons 500 g,3474636979134,1
L oreal,Blond Studio 7 à l'Argile 500 g,3474636971855,1
L oreal,SACHET Blond Studio Poudre Multi-Techniques Sachet 500g,3474637284695,1
L oreal,Blond Studio Baume Décolorant Violet 8 Tons Bonder Inside 500 g,30166400,1
L oreal,Poudre multi-techniques éclaircissante Blond Studio 9 Bonder Intégré 500 g,3474637105761,1
L oreal,Blond Studio Poudre Multi-Techniques Éclaircissante Jusqu'À 9 Tons 500 ml,3474637016388,1
L oreal,SWEET MECHES,3474637067984,1
KERASTASE,Bain Satin Nutritive 250 ml,3474637154912,1
KERASTASE,Bain Satin Riche Nutritive 250 ml,3474637154943,1
KERASTASE,Bain Riche Doypac Nutritive 500ml,3474637231828,1
KERASTASE,Bain Satin Riche Nutritive 500 ml,3474637154950,1
KERASTASE,Lait Vital Nutritive 200 ml,3474637154981,1
KERASTASE,Lotion Thermique Sublimatrice Nutritive 150 ml,3474637155049,1
KERASTASE,Masquintense Nutritive 200 ml,3474637154967,1
KERASTASE,Masquintense Riche Nutritive 200 ml,3474637155001,1
KERASTASE,Nectar Thermique Nutritive 150 ml,3474637155063,1
KERASTASE,Nutritive nutri-supplement scalp serum 90ml,3474637155209,1
KERASTASE,Nutritive nutri-supplement Split Ends serum 50ml,3474637155032,1
KERASTASE,Bain Lumière 250 ml,3474636692170,1
KERASTASE,Bain Lumière Blond Absolu 500ml,3474636881260,1
KERASTASE,Éco-recharge Bain Blond Lumière 500 ml,3474637079192,1
KERASTASE,Masque Ultra-Violet 200 ml,3474636692408,1
KERASTASE,Bain UV 250 ml,3474636692231,1
KERASTASE,Cicaflash 250 ml,3474636692361,1
KERASTASE,Cicaplasme 150 ml,3474636692422,1
KERASTASE,Masque Cicaextrême 200 ml,3474636948529,1
KERASTASE,Huile Cicaextrême 100 ml nc,3474636948888,1
KERASTASE,Sérum Cicanuit 90 ml,3474636909292,1
KERASTASE,Bain Hydratation Douceur 250 ml,3474636968688,1
KERASTASE,Masque Curl Manifesto 200ml,3474636968817,1
KERASTASE,Fondant Curl Manifesto 250ml,3474636968787,1
KERASTASE,Lotion Refresher Curl Manifesto 190ml,3474636970155,1
KERASTASE,Gelée Curl Contour 150 ml,3474636968725,1
KERASTASE,Crème De Jour Fondamentale Curl Manifesto 150ml,3474636968756,1
KERASTASE,Huile Curl Manifesto 50ml,3474636968701,1
KERASTASE,Bain Fluidéaliste 250 ml,3474636400195,1
KERASTASE,Bain Fluidéaliste sans sulfate 500ml,3474636295463,1
KERASTASE,FLUIDEALISTE FONDANT 200ML,3474636400201,1
KERASTASE,Bain Elixir Ultime 250 ml,3474636614103,1
KERASTASE,ELIXIR ULTIME MASQUE 200ML VF46,3474636614172,1
KERASTASE,Elixir Ultime L'Huile Originale multi-usages sublimatrice 75mL,3474637215125,1
KERASTASE,Elixir Ultime L'Huile Originale multi-usages sublimatrice 75mL la recharge,3474637215156,1
KERASTASE,Huile Rose 100 ml nc,3474636624768,1
KERASTASE,Bain Décalcifiant Réparateur 250 ml,3474637195809,1
KERASTASE,Concentré Décalcifiant Ultra-Réparateur 250 ml,3474637196684,1
KERASTASE,Masque Réparateur Anti-casse 200 ml,3474637196646,1
KERASTASE,Fondant Fluidité Réparateur 200 ml,3474637196707,1
KERASTASE,Sérum Réparateur Fondamental 90 ml,3474637196721,1
KERASTASE,Bain Volume 250 ml,3474636397891,1
KERASTASE,Bain Force Architecte 250 ml,3474636397945,1
KERASTASE,Éco-recharge Bain Force Architecte 500 ml,3474637079239,1
KERASTASE,Masque Force Architecte 200 ml,3474636397952,1
KERASTASE,Ciment Thermique 150 ml,3474630652439,1
KERASTASE,Ciment Anti-usure 200 ml,3474636397884,1
KERASTASE,Bain Thérapiste 250 ml,3474636397969,1
KERASTASE,MASQUE THERAPISTE 200ML,3474636397983,1
KERASTASE,SERUM THERAPIST 2x15ML VD47,3474630713383,1
KERASTASE,Bain Chroma Respect 250 ml,3474637059248,1
KERASTASE,Recharge Bain Chroma Respect 500ml,3474637231255,1
KERASTASE,Bain Riche Chroma Respect 250 ml,3474637058975,1
KERASTASE,Fondant Cica Chroma 200 ml,3474637059187,1
KERASTASE,Masque Chroma Filler 200 ml,3474637059132,1
KERASTASE,Sérum Chroma Thermique 150 ml,3474637059057,1
KERASTASE,Bain Hydra-Fortifiant Genesis 250 ml,3474636857814,1
KERASTASE,Bain Hydra-Fortifiant Genesis 500ml,3474636980291,1
KERASTASE,Éco-recharge Bain Hydra-Fortifiant Genesis 500 ml,3474637079208,1
KERASTASE,Bain Nutri-Fortifiant Genesis 250 ml,3474636858033,1
KERASTASE,Bain Nutri-Fortifiant Genesis 500 ml,3474636980284,1
KERASTASE,Éco-recharge Bain Nutri-Fortifiant Genesis 500 ml nc,3474637079215,1
KERASTASE,Masque reconstituant Genesis 200ml,3474636857937,1
KERASTASE,Fondant renforçateur Genesis 200ml,3474636857883,1
KERASTASE,Défense thermique Genesis 150ml,3474636857975,1
KERASTASE,Sérum anti-chute fortifiant Genesis 90ml,3474636858002,1
KERASTASE,Cure Anti-Chute Genesis 10 x 6 ml nc,3474636857999,1
KERASTASE,Bain Divalent 250 ml,3474636954766,1
KERASTASE,Argile Equilibrante 250 ml,3474636954681,1
KERASTASE,Masque Réhydratant 200 ml,3474636954742,1
KERASTASE,Bain Vital Dermo Calm 250 ml,3474636397389,1
KERASTASE,Bain Riche Dermo Calm 250 ml,3474636397396,1
KERASTASE,Cure Anti-Chute Specifique 42 x 6 ml nc,3474636397549,1
KERASTASE,Cure Anti-Chute Specifique 10 x 6 ml nc,3474636397556,1
KERASTASE,Stimuliste 125 ml,3474636397570,1
KERASTASE,Bain Crème Anti-Pelliculaire 250 ml,3474637135690,1
KERASTASE,Bain Pureté Anti-Pelliculaire 250 ml,3474637135713,1
KERASTASE,Fondant Apaisant Essentiel 200 ml,3474637136383,1
KERASTASE,Masque Revitalisant Essentiel 200 ml,3474637136345,1
KERASTASE,Micro-Peeling Cellulaire 200 ml,3474637135744,1
KERASTASE,Sérum Anti-chute Fortifiant Genesis 90 ml,3474637136321,1
KERASTASE,Bain Densité 250 ml,3474636403912,1
KERASTASE,Fondant Densité 200 ml,3474636404391,1
KERASTASE,MOUS DENSIF EXTENSIO 150ML V267,3474630661073,1
KERASTASE,DENSIFIQUE FEMME 30*6ML,3474636356003,1
KERASTASE,Shampoing Sec Rafraichissant 150 g nc,884486442543,1
KERASTASE,KER SCRUB PURIFYING 250ML V938,3474636757039,1
KERASTASE,Bain Après-Soleil 250 ml nc,3474636695249,1
KERASTASE,Masque Après-Soleil 200 ml,3474636695287,1
KERASTASE,Crème UV Sublime 150 ml nc,3474636695300,1
KERASTASE,Huile Sirène 150 ml,3474636695324,1
KERASTASE,Bain de Force Quotidien Genesis Homme 250 ml,3474637077525,1
KERASTASE,Bain de Masse Épaississant Genesis Homme 250 ml,3474637077518,1
KERASTASE,Sérum Anti-Chute Fortifiant Genesis Homme 90 ml,3474637077495,1
KERASTASE,Spray de Force Épaississant Genesis Homme 150 ml,3474637077501,1
KERASTASE,Gloss Absolu Fondant Insta Glaze 250ml,3474637283421,1
KERASTASE,Gloss Absolu Huile capillaire Glaze Drops 45ml,3474637285012,1
KERASTASE,Gloss Absolu Fondant Insta Glaze 75ml,3474637283469,1
KERASTASE,Gloss Absolu Spray Anti-Frizz Glaze Milk 45ml,3474637283476,1
KERASTASE,Le Parfum 30ml,3474637326692,1
KERASTASE,Gloss Absolu Bain Hydra-Glaze 250ml,3474637283384,1
KERASTASE,Gloss Absolu Bain Hydra-Glazing 80ml,3474637283452,1
KERASTASE,Gloss Absolu Bain 500ml,3474637283414,1
KERASTASE,Gloss Absolu Recharge 500ml,3474637283407,1
KERASTASE,Gloss Absolu Spray disciplinant Anti-Frizz Glaze Milk 190ml,3474637283445,1
KERASTASE,Bain Satin Nutritive 1000 ml,3474637154929,1
KERASTASE,Masquintense Riche Nutritive 500 ml,3474637154974,1
KERASTASE,Masquintense Nutritive 500 ml,3474637155018,1
KERASTASE,Bain Fluidéaliste 1000 ml,3474630647534,1
KERASTASE,KER MASKERATINE 500ML V935,3474630655034,1
KERASTASE,Bain Hydratation Douceur 1000 ml,3474636968732,1
KERASTASE,Fondant Curl Manifesto 1000ml,3474636968770,1
KERASTASE,Masque Curl Manifesto 500ml technique,3474636968794,1
KERASTASE,Bain Chroma Respect 1000 ml,3474637059224,1
KERASTASE,Bain Riche Chroma Respect 1000 ml,3474637059217,1
KERASTASE,Masque Chroma Filler 500 ml,3474637059125,1
KERASTASE,Bain Lumière 1000 ml,3474636692217,1
KERASTASE,Bain UV 1000 ml,3474636692316,1
KERASTASE,K BLOND CICAFLASH 1L VD50,3474636692385,1
KERASTASE,Masque Ultra-Violet 500 ml,3474636692415,1
KERASTASE,Bain Force Architecte 1000 ml,3474630382091,1
KERASTASE,Masque Force Architecte 500 ml,3474630382220,1
KERASTASE,Bain Thérapiste 450 ml,3474630712706,1
KERASTASE,Masque Thérapiste 500 ml,3474630713109,1
KERASTASE,Bain Décalcifiant Réparateur 1000 ml,3474637195892,1
KERASTASE,Concentré Décalcifiant Ultra-Réparateur 1000 ml,3474637196769,1
KERASTASE,Concentré Liquide Resurfaçant 400 ml,3474637196783,1
KERASTASE,Masque Réparateur Anti-casse 500 ml,3474637196781,1
KERASTASE,Bain Hydra-Fortifiant Genesis 1000 ml,3474636857845,1
KERASTASE,Masque Reconstituant Genesis 500 ml,3474636857944,1
KERASTASE,Bain Nutri-Fortifiant Genesis 1000 ml,3474636858057,1
KERASTASE,Bain Vital Dermo Calm 1000 ml,3474635003182,1
KERASTASE,Argile Equilibrante 500 ml,3474636954674,1
KERASTASE,Bain Divalent 1000 ml,3474636954759,1
KERASTASE,Bain Pureté Anti-Pelliculaire 1000 ml,3474637135706,1
KERASTASE,Fondant Apaisant Essentiel 1000 ml,3474637136376,1
KERASTASE,Masque Symbiose Revitalisant Essentiel 500 ml,3474637136338,1
KERASTASE,Micro-Peeling Cellulaire 500 ml,3474637136277,1
KERASTASE,Bain Crème Anti-Pelliculaire 1000 ml,3474637135683,1
KERASTASE,Bain de Force Quotidien Genesis Homme 1000 ml,3474637077563,1
KERASTASE,Bain de Masse Épaississant Genesis Homme 1000 ml,3474637077556,1
KERASTASE,Fusio-Dose Booster Reconstruction 120ml,3474637091200,1
KERASTASE,Fusio-Dose Booster Nutrition 120ml,3474637091217,1
KERASTASE,Fusio-Dose Booster Anti-Frizz 120ml,3474637091224,1
KERASTASE,Fusio-Dose Booster Cicablond 120ml,3474637091231,1
KERASTASE,Fusio-Dose Booster Brillance 120ml,3474637091255,1
KERASTASE,Fusio-Dose Concentré Resistance 10*12ml,3474637091194,1
KERASTASE,Fusio-Dose Concentré UV 10*12ml,3474636909278,1
KERASTASE,Fusio-Dose Concentré Curl Manifesto 10*12ml,3474637091767,1
KERASTASE,Fusio-Dose Concentré Nutritive 10*12ml,3474637091750,1
KERASTASE,Fusio-Dose Concentré Chroma Absolu 10*12ml,3474637091781,1
KERASTASE,Fusio-Dose Concentré Génésis 10*12ml,3474637091798,1
KERASTASE,Gloss Absolu Fondant Insta Glaze 1000ml,3474637283438,1
KERASTASE,Gloss Absolu Bain Hydra-Glaze 1000ml,3474637283391,1
SWEO,CREME PERFECTION COULEUR 500 ML,3700098604032,1
SWEO,POSTCOLOR SH; PH 4.5 1000 ML,3700098603974,1
SWEO,SOIN PERFECTION 3D 100 ML,3700098604049,1
SWEO,SOIN COMPENSATEUR DE POROSITE 200 ML,8008277203904,1
SWEO,FIXATEUR DE COULEUR 200 ML,8008277203911,1
SWEO,OXYDANT 7 VOLUMES 1000ml,8008277203942,1
SWEO,OXYDANT10 VOLUMES 1000ml,8008277203959,1
SWEO,OXYDANT 20 VOLUMES 1000ml,8008277203966,1
SWEO,OXYDANT 30 VOLUMES 1000ml,8008277203973,1
SWEO,OXYDANT 40 VOLUMES 1000ml,8008277203980,1
SWEO,POUDRE DECO BLEUE COMP.  1KG,3700098606623,1
SWEO,POUDRE DECO COM VIOLET 500gr,3700098606630,1
SWEO,"POUDRE DECO, 9 TONS PLEX 500gr",3700098605879,1
SWEO,SWEOCOLORFREE D NOIR,3700098603325,1
SWEO,SWEOCOLORFREE D NOIR BLEU,3700098603592,1
SWEO,SWEOCOLORFREE D CHATAIN FONCE,3700098603332,1
SWEO,SWEOCOLORFREE D CHATAIN,3700098603349,1
SWEO,SWEOCOLORFREE D CHAT. VIOLINE,3700098603738,1
SWEO,SWEOCOLORFREE D CHAT.IR.CUIVRE,3700098603820,1
SWEO,SWEOCOLORFREE D CHATAIN ACAJOU,3700098603806,1
SWEO,SWEOCOLORFREE D CHATAIN MARRON,3700098603479,1
SWEO,SWEOCOLORFREE D CHAT.MARR.CEN.,3700098609297,1
SWEO,SWEOCOLORFREE D CHATAIN CLAIR,3700098603356,1
SWEO,SWEOCOLORFREE D CHAT.CL.CENDRE,3700098603608,1
SWEO,SWEOCOLORFREE D CHAT.CL.CE.PRO,3700098605763,1
SWEO,SWEOCOLORFREE D CHAT.CL.VIOLI.,3700098603745,1
SWEO,SWEOCOLORFREE D CHAT.CL.IR.CUI,3700098603837,1
SWEO,SWEOCOLORFREE D CHAT.CL.DORE,3700098603417,1
SWEO,SWEOCOLORFREE D CHAT.CUIV.DORE,3700098603691,1
SWEO,SWEOCOLORFREE D CHAT.CL. CUI.,3700098603554,1
SWEO,SWEOCOLORFREE D CHAT.CL.CU.DO.,3700098603707,1
SWEO,SWEOCOLORFREE D CHAT.CL.ACAJ.,3700098603813,1
SWEO,SWEOCOLORFREE D CHAT.CL.RG.INT,3700098603523,1
SWEO,SWEOCOLORFREE D CHAT.CL.MARRON,3700098603486,1
SWEO,SWEOCOLORFREE D CHAT.C.MARR.C.,3700098609303,1
SWEO,SWEOCOLORFREE D BLOND FONCE,3700098603363,1
SWEO,SWEOCOLORFREE D BLD FO.CENDRE,3700098603615,1
SWEO,SWEOCOLORFREE D BLD FO.CE.PROF,3700098605770,1
SWEO,SWEOCOLORFREE D BLD FO.IR.DORE,3700098603752,1
SWEO,SWEOCOLORFREE D BLD FO.IR.CUI.,3700098603844,1
SWEO,SWEOCOLORFREE D BLD F.VIO.ROU.,3700098609419,1
SWEO,SWEOCOLORFREE D BLD FONCE DORE,3700098603424,1
SWEO,SWEOCOLORFREE D BLD FO.CUI.DO.,3700098603714,1
SWEO,SWEOCOLORFREE D BLD FO.DO.CUI.,3700098603660,1
SWEO,SWEOCOLORFREE D BLD FO.CUIVRE,3700098603561,1
SWEO,SWEOCOLORFREE D BLD FO.RGE INT,3700098603530,1
SWEO,SWEOCOLORFREE D BLD FO.MARRON,3700098603493,1
SWEO,SWEOCOLORFREE D BLD FO.MARR.C.,3700098609310,1
SWEO,SWEOCOLORFREE D BLOND,3700098603370,1
SWEO,SWEOCOLORFREE D BLOND CENDRE,3700098603622,1
SWEO,SWEOCOLORFREE D BLD CEND.PROF.,3700098605787,1
SWEO,SWEOCOLORFREE D BLD IRISE DORE,3700098603769,1
SWEO,SWEOCOLORFREE D BLD IRISE CUI.,3700098603851,1
SWEO,SWEOCOLORFREE D BLD VIOL.ROUGE,3700098609426,1
SWEO,SWEOCOLORFREE D BLOND DORE,3700098603431,1
SWEO,SWEOCOLORFREE D BLOND CUIVRE,3700098603578,1
SWEO,SWEOCOLORFREE D BLD CUI. DORE,3700098603721,1
SWEO,SWEOCOLORFREE D BLD CUIV. INT.,3700098609396,1
SWEO,SWEOCOLORFREE D BLD ROUGE INT.,3700098603547,1
SWEO,SWEOCOLORFREE D BLOND MARRON,3700098603509,1
SWEO,SWEOCOLORFREE D BLD MARR.FONCE,3700098609327,1
SWEO,SWEOCOLORFREE D BLOND CLAIR,3700098603387,1
SWEO,SWEOCOLORFREE D BLD CL.CENDRE,3700098603639,1
SWEO,SWEOCOLORFREE D BLD CL.CE.PROF,3700098605794,1
SWEO,SWEOCOLORFREE D BLD CL. IR.PR.,3700098609341,1
SWEO,SWEOCOLORFREE D BLD CL.IR.DORE,3700098603776,1
SWEO,SWEOCOLORFREE D BLD CLAIR DORE,3700098603448,1
SWEO,SWEOCOLORFREE D BLD CL.DO.CUI.,3700098603684,1
SWEO,SWEOCOLORFREE D BLD DORE CUI.,3700098603677,1
SWEO,SWEOCOLORFREE D BLD CL.CUIVRE,3700098603585,1
SWEO,SWEOCOLORFREE D BLD CL.MARRON,3700098603516,1
SWEO,SWEOCOLORFREE D BLD CL.MARR.C.,3700098609334,1
SWEO,SWEOCOLORFREE D BLOND TR.CLAIR,3700098603394,1
SWEO,SWEOCOLORFREE D BLD T.C.CE.PRO,3700098605800,1
SWEO,SWEOCOLORFREE D BLD TR.CEN.IR.,3700098609372,1
SWEO,SWEOCOLORFREE D BLD TR.CL.CEND,3700098603646,1
SWEO,SWEOCOLORFREE D BLD T.T.CL.C.I,3700098609389,1
SWEO,SWEOCOLORFREE D BLD PLAT.IR.DO,3700098603790,1
SWEO,SWEOCOLORFREE D BLD TR.CL.DORE,3700098603455,1
SWEO,SWEOCOLORFREE D BLD CL.CUIV.IN,3700098609402,1
SWEO,SWEOCOLORFREE D BL.T.T.C.CE.PR,3700098605817,1
SWEO,SWEOCOLORFREE D BLD T.CL.IR.DO,3700098603783,1
SWEO,SWEOCOLORFREE D BLD TR.T.CL.DO,3700098603462,1
SWEO,SWEOCOLORFREE D BLD TR.T.CLAIR,3700098603400,1
SWEO,SWEOCOLORFREE D BLD TR.TR.C.CE,3700098603653,1
SWEO,SWEOCOLORFREE D BOOSTER ARGENT,3700098603950,1
SWEO,SWEOCOLORFREE D BOOSTER BLEU,3700098603929,1
SWEO,SWEOCOLORFREE D BOOSTER ORANGE,3700098603912,1
SWEO,SWEOCOLORFREE D BOOSTER ROUGE,3700098603936,1
SWEO,SWEOCOLORFREE D BOOSTER VIOLET,3700098603943,1
SWEO,SWEOCOLORFREE D PASTEL JADE,3700098605855,1
SWEO,SWEOCOLORFREE D PASTEL LILAS,3700098605831,1
SWEO,SWEOCOLORFREE D PASTEL NACRE,3700098605848,1
SWEO,SWEOCOLORFREE D PASTEL ROSE,3700098605824,1
SWEO,SWEOCOLORFREE D SUP.EC.NATUREL,3700098603882,1
SWEO,SWEOCOLORFREE D SUP.ECL.CENDRE,3700098603899,1
SWEO,SWEOCOLORFREE D SUP.ECL.IRISE,3700098603905,1
SWEO,SWEOCOLORFREE D TONER ARGENT,3700098603875,1
SWEO,SWEOCOLORFREE D TONER BEIGE,3700098603868,1
SWEO,SWEOCOLORFREE TONER IRISE,3700098604612,1
SWEO,SWEOCOLORFREE TONER NATUREL,3700098604605,1
SWEO,SWEOCOLORFREE TONER PLATINIUM,3700098604629,1
SWEO,SWEOCOLORFREE D BLD T.CL.IR.P.,3700098609358,1
SWEO,SWEOCOLORFREE D BLD T.T.C.IR.P,3700098609365,1
ABC,ABC Baume Brillance 250ml,42367307,1
ABC,ABC Bain Brillance 300ml,42392460,1
ABC,ABC Spray Brillance 200ml,4067971032948,1
ABC,ABC Bain Brillance Neutralisant 300ml,42405559,1
ABC,ABC Masque Brillance 200ml,42392484,1
ABC,ABC Masque Hydratation Intense 200ml,42373926,1
ABC,ABC Sérum Sublimateur de Boucles 100ml,42373940,1
ABC,ABC Gelée Perfectrice de Boucles 250ml,42373933,1
ABC,ABC Baume Hydratant 250ml,42392590,1
ABC,ABC Bain Hydratant 300ml,42392491,1
ABC,ABC Spray-soin Hydra 250ml,42392606,1
ABC,ABC Masque Hydratant 200ml,42392613,1
ABC,ABC Bain Doux équilibrant 300ml,42405382,1
ABC,ABC Bain Purifiant 300ml PCR80,42366898,1
ABC,ABC Huile Fluide Sublimatrice 100ml,42392835,1
ABC,ABC Bain Réparateur 300ml,42392736,1
ABC,ABC Spray-soin Rép 250ml,42367031,1
ABC,ABC Masque Réparateur 200ml,42367055,1
ABC,ABC Baume Réparateur 250ml,42392743,1
ABC,ABC Baume Volumisant 250ml,42367130,1
ABC,ABC Spray-soin Vol 250ml,42367468,1
ABC,ABC Bain Volumisant 300ml,42392781,1
ABC,ABC Crème Gommage Douceur 250ml,42373957,1
ABC,ABC Eau de Toilette 50ml,42393306,1
ABC,ABC Crème Légère Mains et Cheveux 75ml,42393337,1
ABC,ABC Pommade Compacte 85ml,42392811,1
ABC,ABC Shamp. Sec Texturisant 250ml,42393412,1
ABC,ABC Mousse Volumisante 200ml,42405542,1
ABC,ABC Spray Fix. Forte 300ml,42393399,1
ABC,ABC Spray Flexible 300ml,42393382,1
ABC,ABC Brume Perfectrice 250ml,42392620,1
ABC,ABC Spray Poudre Résultat Nat 12g,42392842,1
ABC,ABC Pâte Modelante 85ml,42469544,1
ABC,ABC Spray Texturisant Volume Aérien 300ml,42392873,1
ABC,ABC Baume Brillance 1L,42392552,1
ABC,ABC Bain Brillance 1L,42392545,1
ABC,ABC Masque Brillance 500ml,42366850,1
ABC,ABC Bain Brillance Neutralisant 1L,42405566,1
ABC,ABC Baume Hydratant 1L,42366966,1
ABC,ABC Bain Hydra 1L,42366881,1
ABC,ABC Masque Hydratant 500ml,42392712,1
ABC,ABC Set d'application Elixir de Beauté 50ml,4067971080369,1
ABC,ABC Elixir de Beauté 50ml,4067971033105,1
ABC,ABC Bain Purifiant 1L,42392514,1
ABC,ABC Masque Gelée Hydratant 500ml,42405429,1
ABC,ABC Bain Doux équilibrant 1L,42405399,1
ABC,ABC Baume Réparateur 1L,42366775,1
ABC,ABC Masque Réparateur 500ml,42366782,1
ABC,ABC Bain Volumisant 1L,42366812,1
ABC,ABC Baume Volumisant 1L,42366829,1
